<?xml version="1.0" encoding="UTF-8"?><PlanDefinition xmlns="http://hl7.org/fhir"><id value="ANCDT16"/><contained><Library><id value="effective-data-requirements"/><name value="EffectiveDataRequirements"/><status value="active"/><type><coding><system value="http://terminology.hl7.org/CodeSystem/library-type"/><code value="module-definition"/></coding></type><relatedArtifact><type value="depends-on"/><display value="Library Config"/><resource value="http://smart.who.int/anc/Library/ANCConfig"/></relatedArtifact><relatedArtifact><type value="depends-on"/><display value="Library FHIRHelpers"/><resource value="http://smart.who.int/anc/Library/FHIRHelpers|4.0.1"/></relatedArtifact><relatedArtifact><type value="depends-on"/><display value="Library ContactData"/><resource value="http://smart.who.int/anc/Library/ANCContactDataElements"/></relatedArtifact><relatedArtifact><type value="depends-on"/><display value="Library WC"/><resource value="http://smart.who.int/anc/Library/WHOCommon"/></relatedArtifact><relatedArtifact><type value="depends-on"/><display value="Library Cx"/><resource value="http://smart.who.int/anc/Library/ANCConcepts"/></relatedArtifact><relatedArtifact><type value="depends-on"/><display value="Value set Weight category"/><resource value="http://smart.who.int/anc/ValueSet/anc-b8-de5"/></relatedArtifact><relatedArtifact><type value="depends-on"/><display value="Value set Weight category - Underweight Choices"/><resource value="http://smart.who.int/anc/ValueSet/anc-b8-de6"/></relatedArtifact><parameter><name value="encounter"/><use value="in"/><min value="0"/><max value="1"/><type value="string"/></parameter><parameter><name value="Should Conduct counselling on dietary interventions"/><use value="out"/><min value="0"/><max value="1"/><type value="boolean"/></parameter><parameter><name value="Should Conduct counselling on dietary interventions 2"/><use value="out"/><min value="0"/><max value="1"/><type value="boolean"/></parameter><dataRequirement><type value="Observation"/><profile value="http://hl7.org/fhir/StructureDefinition/Observation"/><mustSupport value="code"/><mustSupport value="status"/><mustSupport value="encounter"/><mustSupport value="encounter.reference"/><codeFilter><path value="code"/><valueSet value="http://smart.who.int/anc/ValueSet/anc-b8-de5"/></codeFilter></dataRequirement></Library></contained><extension url="http://hl7.org/fhir/StructureDefinition/cqf-logicDefinition"><extension url="libraryName"><valueString value="ANCConfig"/></extension><extension url="name"><valueString value="Population prevalence of undernourishment"/></extension><extension url="statement"><valueString value="/*&#xA;  Description: The proportion of women in the adult population&#xA;    (18 years or older) with a BMI less than 18.5s&#xA;*/&#xA;define &quot;Population prevalence of undernourishment&quot;:&#xA;  21 '%'"/></extension><extension url="displaySequence"><valueInteger value="0"/></extension></extension><extension url="http://hl7.org/fhir/StructureDefinition/cqf-logicDefinition"><extension url="libraryName"><valueString value="ANCContactDataElements"/></extension><extension url="name"><valueString value="Weight category"/></extension><extension url="statement"><valueString value="/*&#xA;  @dataElement: ANC.B8.DE5 Weight category&#xA;  @activity: ANC.B8 Physical exam&#xA;  @description: Weight category is calculated from BMI&#xA;*/&#xA;define &quot;Weight category&quot;:&#xA;  WC.Only(&#xA;  [Observation: Cx.&quot;Weight category&quot;] O&#xA;    where O.status in { 'final', 'amended', 'corrected' }&#xA;      and Coalesce(WC.ModifierExtension(O, 'who-notDone').value, false) is false&#xA;      and Last(Split(O.encounter.reference, '/')) = Last(Split(encounter, '/'))&#xA;  ).value as FHIR.CodeableConcept"/></extension><extension url="displaySequence"><valueInteger value="1"/></extension></extension><extension url="http://hl7.org/fhir/StructureDefinition/cqf-logicDefinition"><extension url="libraryName"><valueString value="ANCDT16"/></extension><extension url="name"><valueString value="Should Conduct counselling on dietary interventions"/></extension><extension url="statement"><valueString value="/*&#xA;(&quot;Population prevalence of undernourishment&quot; ≥ 20%)&#xA;  AND (&quot;Weight category&quot; = &quot;Underweight&quot;)&#xA;*/&#xA;define &quot;Should Conduct counselling on dietary interventions&quot;:&#xA;  Config.&quot;Population prevalence of undernourishment&quot; &gt;= 20 '%'&#xA;    and ContactData.&quot;Weight category&quot; in Cx.&quot;Weight category - Underweight Choices&quot;"/></extension><extension url="displaySequence"><valueInteger value="2"/></extension></extension><extension url="http://hl7.org/fhir/StructureDefinition/cqf-logicDefinition"><extension url="libraryName"><valueString value="ANCDT16"/></extension><extension url="name"><valueString value="Should Conduct counselling on dietary interventions 2"/></extension><extension url="statement"><valueString value="/*&#xA;(&quot;Population prevalence of undernourishment&quot; ≥ 20%)&#xA;  AND (&quot;Weight category&quot; = &quot;Underweight&quot;)&#xA;*/&#xA;define &quot;Should Conduct counselling on dietary interventions 2&quot;:&#xA;  Config.&quot;Population prevalence of undernourishment&quot; &gt;= 20 '%'&#xA;    and ContactData.&quot;Weight category&quot; in Cx.&quot;Weight category - Underweight Choices&quot;"/></extension><extension url="displaySequence"><valueInteger value="3"/></extension></extension><extension url="http://hl7.org/fhir/StructureDefinition/cqf-logicDefinition"><extension url="libraryName"><valueString value="FHIRHelpers"/></extension><extension url="name"><valueString value="ToConcept"/></extension><extension url="statement"><valueString value="define function ToConcept(concept FHIR.CodeableConcept):&#xA;    if concept is null then&#xA;        null&#xA;    else&#xA;        System.Concept {&#xA;            codes: concept.coding C return ToCode(C),&#xA;            display: concept.text.value&#xA;        }"/></extension><extension url="displaySequence"><valueInteger value="4"/></extension></extension><extension url="http://hl7.org/fhir/StructureDefinition/cqf-logicDefinition"><extension url="libraryName"><valueString value="FHIRHelpers"/></extension><extension url="name"><valueString value="ToCode"/></extension><extension url="statement"><valueString value="define function ToCode(coding FHIR.Coding):&#xA;    if coding is null then&#xA;        null&#xA;    else&#xA;        System.Code {&#xA;          code: coding.code.value,&#xA;          system: coding.system.value,&#xA;          version: coding.version.value,&#xA;          display: coding.display.value&#xA;        }"/></extension><extension url="displaySequence"><valueInteger value="5"/></extension></extension><extension url="http://hl7.org/fhir/StructureDefinition/cqf-logicDefinition"><extension url="libraryName"><valueString value="WHOCommon"/></extension><extension url="name"><valueString value="Only"/></extension><extension url="statement"><valueString value="define function Only(observations List&lt;Observation&gt;):&#xA;  singleton from observations"/></extension><extension url="displaySequence"><valueInteger value="6"/></extension></extension><extension url="http://hl7.org/fhir/StructureDefinition/cqf-logicDefinition"><extension url="libraryName"><valueString value="FHIRHelpers"/></extension><extension url="name"><valueString value="ToString"/></extension><extension url="statement"><valueString value="define function ToString(value ObservationStatus): value.value"/></extension><extension url="displaySequence"><valueInteger value="7"/></extension></extension><extension url="http://hl7.org/fhir/StructureDefinition/cqf-logicDefinition"><extension url="libraryName"><valueString value="FHIRHelpers"/></extension><extension url="name"><valueString value="ToBoolean"/></extension><extension url="statement"><valueString value="define function ToBoolean(value boolean): value.value"/></extension><extension url="displaySequence"><valueInteger value="8"/></extension></extension><extension url="http://hl7.org/fhir/StructureDefinition/cqf-logicDefinition"><extension url="libraryName"><valueString value="WHOCommon"/></extension><extension url="name"><valueString value="ModifierExtension"/></extension><extension url="statement"><valueString value="/*&#xA;@description: Returns the single WHO core modifier extension (if present) on the given resource with the specified id.&#xA;@comment: This function uses singleton from to ensure that a run-time exception is thrown if there&#xA;is more than one extension on the given resource with the specified url.&#xA;*/&#xA;define function ModifierExtension(domainResource DomainResource, id String):&#xA;  singleton from ModifierExtensions(domainResource, id)"/></extension><extension url="displaySequence"><valueInteger value="9"/></extension></extension><extension url="http://hl7.org/fhir/StructureDefinition/cqf-logicDefinition"><extension url="libraryName"><valueString value="WHOCommon"/></extension><extension url="name"><valueString value="ModifierExtensions"/></extension><extension url="statement"><valueString value="/*&#xA;@description: Returns any WHO core modifier extensions defined on the given resource with the specified id.&#xA;@comment: NOTE: Extensions are not the preferred approach, but are used as a way to access&#xA;content that is defined by extensions but not yet surfaced in the&#xA;CQL model info.&#xA;*/&#xA;define function ModifierExtensions(domainResource DomainResource, id String):&#xA;  domainResource.modifierExtension E&#xA;&#x9;  where E.url = ('http://fhir.org/guides/who/core/StructureDefinition/' + id)&#xA;&#x9;&#x9;return E"/></extension><extension url="displaySequence"><valueInteger value="10"/></extension></extension><extension url="http://hl7.org/fhir/StructureDefinition/cqf-logicDefinition"><extension url="libraryName"><valueString value="FHIRHelpers"/></extension><extension url="name"><valueString value="ToString"/></extension><extension url="statement"><valueString value="define function ToString(value uri): value.value"/></extension><extension url="displaySequence"><valueInteger value="11"/></extension></extension><extension url="http://hl7.org/fhir/StructureDefinition/cqf-logicDefinition"><extension url="libraryName"><valueString value="FHIRHelpers"/></extension><extension url="name"><valueString value="ToString"/></extension><extension url="statement"><valueString value="define function ToString(value string): value.value"/></extension><extension url="displaySequence"><valueInteger value="12"/></extension></extension><extension id="effective-data-requirements" url="http://hl7.org/fhir/uv/crmi/StructureDefinition/crmi-effectiveDataRequirements"><valueCanonical value="#effective-data-requirements"/></extension><extension url="http://hl7.org/fhir/uv/crmi/StructureDefinition/crmi-softwaresystem"><valueReference><reference value="Device/cqf-tooling"/></valueReference></extension><url value="http://smart.who.int/anc/PlanDefinition/ANCDT16"/><identifier><use value="official"/><value value="ANC.DT.16"/></identifier><version value="0.3.0"/><name value="ANCDT16"/><title value="ANC.DT.16 Dietary counselling"/><type><coding><system value="http://terminology.hl7.org/CodeSystem/plan-definition-type"/><code value="eca-rule"/></coding></type><status value="active"/><experimental value="false"/><date value="2025-06-24T13:58:48-06:00"/><publisher value="World Health Organization (WHO)"/><contact><telecom><system value="url"/><value value="https://www.who.int"/></telecom></contact><description value="ALL women should have &quot;Healthy eating and keeping physically active counselling&quot; with guidance on nutrition and exercise. If a woman is classified as &quot;underweight&quot; AND she is part of a population whereby the prevalence of undernourishment is greater than or equal to 20%, then additional dietary counselling is needed."/><useContext><code><system value="http://terminology.hl7.org/CodeSystem/usage-context-type"/><code value="task"/><display value="Workflow Task"/></code><valueCodeableConcept><coding><system value="http://smart.who.int/anc/CodeSystem/activity-codes"/><code value="ANC.B10."/><display value="Counselling, in-facility management &amp; treatment "/></coding></valueCodeableConcept></useContext><jurisdiction><coding><system value="http://unstats.un.org/unsd/methods/m49/m49.htm"/><code value="001"/></coding></jurisdiction><library value="http://smart.who.int/anc/Library/ANCDT16"/><action><title value="ANC.DT.16 Dietary counselling"/><trigger><type value="named-event"/><name value="ANC.B10. Counselling, in-facility management &amp; treatment "/></trigger><action id="1"><title value="Conduct counselling on dietary interventions"/><description value="Conduct counselling on dietary interventions"/><textEquivalent value="Increase daily energy and protein intake to reduce the risk of low-birth-weight neonates&#xA;&#xA;[Protein Sources and Energy Sources]"/><documentation><type value="citation"/><label value="WHO ANC recommendations (2016): A1.2. Dietary interventions (3)"/></documentation><condition><kind value="applicability"/><expression><description value="(&quot;Population prevalence of undernourishment&quot; ≥ 20%)&#xA;  AND (&quot;Weight category&quot; = &quot;Underweight&quot;)"/><language value="text/cql-identifier"/><expression value="Should Conduct counselling on dietary interventions"/></expression></condition><action><title value="Conduct counselling on dietary interventions"/></action><action><title value="Counselling on increasing daily energy and protein intake"/></action></action><action id="2"><title value="Conduct counselling on dietary interventions"/><description value="Conduct counselling on dietary interventions 2"/><textEquivalent value="Balanced energy and protein dietary supplementation is recommended for pregnant women to reduce the risk of stillbirths and small-for-gestational-age neonates"/><documentation><type value="citation"/><label value="WHO ANC recommendations (2016): A1.3. Dietary interventions (3)"/></documentation><condition><kind value="applicability"/><expression><description value="(&quot;Population prevalence of undernourishment&quot; ≥ 20%)&#xA;  AND (&quot;Weight category&quot; = &quot;Underweight&quot;)"/><language value="text/cql-identifier"/><expression value="Should Conduct counselling on dietary interventions 2"/></expression></condition><action><title value="Conduct counselling on dietary interventions"/></action><action><title value="Counselling on balanced energy and protein dietary supplementation"/></action></action></action></PlanDefinition>