URL,Version,Status,OIDs,Name,Title,Description,Used
http://fhir.org/guides/who/core/CodeSystem/who-identifier-types,0.3.0,draft,,WHOIdentifierTypes,WHO Identifier Types,"The identifier types code system defines codes for identifier types used throughout WHO content.",
http://smart.who.int/anc/CodeSystem/anc-activity-codes,0.3.0,draft,,ANCActivityCodes,ANC Activity Codes,"Activity codes are codes to identify the types of activities that are performed as part of the delivery of antenatal care",
http://smart.who.int/anc/CodeSystem/anc-care-codes,0.3.0,draft,,ANCCareCodes,ANC Care Codes,"Care codes are high-level codes used to identify types and categories of care for use in encounters, episodes, and care categories throughout Antenatal care guideline computable content.",
http://smart.who.int/anc/CodeSystem/anc-custom-codes,0.3.0,draft,,anccustomcodes,Extended Codes CodeSystem,"Set of codes representing all concepts used in the implementation guide",
http://smart.who.int/anc/CodeSystem/anc-persona,0.3.0,draft,,ANCPersona,ANC Personas,"A persona is a depiction of a relevant stakeholder, or “end-user”, of the system. Although the specific roles and demographic profile of the personas will vary depending on the setting, the generic personas are based on the WHO core competencies and credentials of different health worker personas. Please note that these are developed based on synthesis across multiple contexts as a starting point, and further contextualization will be required according to the needs, motivations and challenges of the targeted personas in each setting.",
