<?xml version="1.0" encoding="UTF-8"?><ValueSet xmlns="http://hl7.org/fhir"><id value="anc-b9-de79"/><text><status value="generated"/><div xmlns="http://www.w3.org/1999/xhtml"><p class="res-header-id"><b>Generated Narrative: ValueSet anc-b9-de79</b></p><a name="anc-b9-de79"> </a><a name="hcanc-b9-de79"> </a><p>This value set includes codes based on the following rules:</p><ul/></div></text><url value="http://smart.who.int/anc/ValueSet/anc-b9-de79"/><version value="0.3.0"/><name value="HepatitisCtestordered"/><title value="Hepatitis C test ordered"/><status value="draft"/><experimental value="false"/><date value="2025-07-02T07:11:19+00:00"/><publisher value="World Health Organization (WHO)"/><contact><telecom><system value="url"/><value value="https://www.who.int"/></telecom></contact><description value="Codes representing possible values for the Hepatitis C test ordered element"/><jurisdiction><coding><system value="http://unstats.un.org/unsd/methods/m49/m49.htm"/><code value="001"/></coding></jurisdiction><immutable value="true"/></ValueSet>