{"resourceType":"ValueSet","id":"anc-b10-de58","meta":{"profile":["http://hl7.org/fhir/uv/cpg/StructureDefinition/cpg-executablevalueset"]},"text":{"status":"generated","div":"<div xmlns=\"http://www.w3.org/1999/xhtml\"><p class=\"res-header-id\"><b>Generated Narrative: ValueSet anc-b10-de58</b></p><a name=\"anc-b10-de58\"> </a><a name=\"hcanc-b10-de58\"> </a><div style=\"display: inline-block; background-color: #d9e0e7; padding: 6px; margin: 4px; border: 1px solid #8da1b4; border-radius: 5px; line-height: 60%\"><p style=\"margin-bottom: 0px\"/><p style=\"margin-bottom: 0px\">Profile: <a href=\"http://hl7.org/fhir/uv/cpg/STU1/StructureDefinition-cpg-executablevalueset.html\">CPGExecutableValueSet</a></p></div><p>This value set expansion contains 1 concepts.</p><table class=\"codes\"><tr><td style=\"white-space:nowrap\"><b>Code</b></td><td><b>System</b></td><td><b>Display</b></td><td><b>Definition</b></td></tr><tr><td style=\"white-space:nowrap\"><a name=\"anc-b10-de58-http://smart.who.int/anc/CodeSystem/anc-custom-codes-ANC.B10.DE58\"> </a>\u00a0\u00a0<a href=\"CodeSystem-anc-custom-codes.html#anc-custom-codes-ANC.46B10.46DE58\">ANC.B10.DE58</a></td><td>http://smart.who.int/anc/CodeSystem/anc-custom-codes</td><td>Reason counselling on non-pharmacological options for varicose veins and oedema was not conducted</td><td>Reason counselling on non-pharmacological options for varicose veins and oedema was not conducted</td></tr></table></div>"},"extension":[{"url":"http://hl7.org/fhir/uv/cpg/StructureDefinition/cpg-knowledgeCapability","valueString":"executable"},{"url":"http://hl7.org/fhir/uv/cpg/StructureDefinition/cpg-knowledgeRepresentationLevel","valueString":"executable"}],"url":"http://smart.who.int/anc/ValueSet/anc-b10-de58","version":"0.3.0","name":"CounsellingonNonPharmacologicalOptionsforVaricoseVeinsandOedema","title":"Counselling on Non-Pharmacological Options for Varicose Veins and Oedema","status":"draft","experimental":false,"date":"2025-07-02T07:11:19+00:00","publisher":"World Health Organization (WHO)","contact":[{"telecom":[{"system":"url","value":"https://www.who.int"}]}],"description":"Codes representing possible values for the Counselling on Non-Pharmacological Options for Varicose Veins and Oedema element","jurisdiction":[{"coding":[{"system":"http://unstats.un.org/unsd/methods/m49/m49.htm","code":"001"}]}],"immutable":true,"compose":{"include":[{"system":"http://smart.who.int/anc/CodeSystem/anc-custom-codes","concept":[{"code":"ANC.B10.DE58","display":"Reason counselling on non-pharmacological options for varicose veins and oedema was not conducted"}]}]},"expansion":{"timestamp":"2021-11-30T07:11:22-07:00","contains":[{"system":"http://smart.who.int/anc/CodeSystem/anc-custom-codes","code":"ANC.B10.DE58","display":"Reason counselling on non-pharmacological options for varicose veins and oedema was not conducted"}]}}