{"resourceType":"ValueSet","id":"anc-b9-de35","text":{"status":"generated","div":"<div xmlns=\"http://www.w3.org/1999/xhtml\"><p class=\"res-header-id\"><b>Generated Narrative: ValueSet anc-b9-de35</b></p><a name=\"anc-b9-de35\"> </a><a name=\"hcanc-b9-de35\"> </a><p>This value set includes codes based on the following rules:</p><ul/></div>"},"url":"http://smart.who.int/anc/ValueSet/anc-b9-de35","version":"0.3.0","name":"HIVtestconducted","title":"HIV test conducted","status":"draft","experimental":false,"date":"2025-07-02T07:11:19+00:00","publisher":"World Health Organization (WHO)","contact":[{"telecom":[{"system":"url","value":"https://www.who.int"}]}],"description":"Codes representing possible values for the HIV test conducted element","jurisdiction":[{"coding":[{"system":"http://unstats.un.org/unsd/methods/m49/m49.htm","code":"001"}]}],"immutable":true}