{
  "resourceType" : "Immunization",
  "id" : "hepatitis-b-2-immunization-example",
  "meta" : {
    "profile" : ["http://smart.who.int/anc/StructureDefinition/hepatitis-b-2-immunization"]
  },
  "text" : {
    "status" : "generated",
    "div" : "<div xmlns=\"http://www.w3.org/1999/xhtml\"><p class=\"res-header-id\"><b>Generated Narrative: Immunization hepatitis-b-2-immunization-example</b></p><a name=\"hepatitis-b-2-immunization-example\"> </a><a name=\"hchepatitis-b-2-immunization-example\"> </a><div style=\"display: inline-block; background-color: #d9e0e7; padding: 6px; margin: 4px; border: 1px solid #8da1b4; border-radius: 5px; line-height: 60%\"><p style=\"margin-bottom: 0px\"/><p style=\"margin-bottom: 0px\">Profile: <a href=\"StructureDefinition-hepatitis-b-2-immunization.html\">Hepatitis B-2 Immunization</a></p></div><p><b>identifier</b>: <code>http://example.org/fhir/NamingSystem/identifiers</code>/hepatitis-b-2-immunization-example\u00a0(use:\u00a0official,\u00a0)</p><p><b>status</b>: Completed</p><p><b>vaccineCode</b>: <span title=\"Codes:{http://smart.who.int/anc/CodeSystem/anc-custom-codes ANC.B10.DE184}, {http://hl7.org/fhir/sid/icd-10 Z24.6}, {http://id.who.int/icd11/mms QC01.6}, {http://snomed.info/sct 170371001}, {https://mitel.dimi.uniud.it/ichi/#http://id.who.int/ichi DTB.DB.AE}\">Hepatitis B-2 immunization provided</span></p><p><b>patient</b>: <a href=\"Patient-anc-patient-example.html\">bkxb1u3focs0 ujm2ja8ighp1a  (no stated gender), DoB: 2021-03-10 ( dh0xw4oes8c)</a></p><p><b>encounter</b>: <a href=\"Encounter-anc-encounter-example.html\">Encounter: identifier = http://example.org/fhir/NamingSystem/identifiers#anc-encounter-example\u00a0(use:\u00a0official,\u00a0); period = 2020-12-07 06:24:03-0700 --&gt; 2021-09-07 14:24:12-0600; reasonCode = Specific complaint related to antenatal care</a></p><p><b>occurrence</b>: 2020-11-06 00:53:09-0700</p></div>"
  },
  "identifier" : [{
    "use" : "official",
    "system" : "http://example.org/fhir/NamingSystem/identifiers",
    "value" : "hepatitis-b-2-immunization-example"
  }],
  "status" : "completed",
  "vaccineCode" : {
    "coding" : [{
      "system" : "http://smart.who.int/anc/CodeSystem/anc-custom-codes",
      "code" : "ANC.B10.DE184",
      "display" : "Hepatitis B-2 immunization provided"
    },
    {
      "system" : "http://hl7.org/fhir/sid/icd-10",
      "code" : "Z24.6",
      "display" : "Need for immunization against viral hepatitis"
    },
    {
      "system" : "http://id.who.int/icd11/mms",
      "code" : "QC01.6",
      "display" : "Need for immunization against viral hepatitis"
    },
    {
      "system" : "http://snomed.info/sct",
      "code" : "170371001",
      "display" : "Administration of second dose of vaccine product containing only hepatitis B virus antigen (procedure)"
    },
    {
      "system" : "https://mitel.dimi.uniud.it/ichi/#http://id.who.int/ichi",
      "code" : "DTB.DB.AE",
      "display" : "Percutaneous administration of immunological agent, not elsewhere classified"
    }]
  },
  "patient" : {
    "reference" : "Patient/anc-patient-example"
  },
  "encounter" : {
    "reference" : "Encounter/anc-encounter-example"
  },
  "occurrenceDateTime" : "2020-11-06T00:53:09-07:00"
}